id,name,username,email,address,phone,website,company
1,Leanne Graham,Bret,Sincere@april.biz,[object Object],1-770-736-8031 x56442,hildegard.org,[object Object]
2,Ervin Howell,Antonette,Shanna@melissa.tv,[object Object],010-692-6593 x09125,anastasia.net,[object Object]
3,Clementine Bauch,Samantha,Nathan@yesenia.net,[object Object],1-463-123-4447,ramiro.info,[object Object]
4,Patricia Lebsack,Karianne,Julianne.OConner@kory.org,[object Object],493-170-9623 x156,kale.biz,[object Object]
5,Chelsey Dietrich,Kamren,Lucio_Hettinger@annie.ca,[object Object],(254)954-1289,demarco.info,[object Object]
6,Mrs. Dennis Schulist,Leopoldo_Corkery,Karley_Dach@jasper.info,[object Object],1-477-935-8478 x6430,ola.org,[object Object]
7,Kurtis Weissnat,Elwyn.Skiles,Telly.Hoeger@billy.biz,[object Object],210.067.6132,elvis.io,[object Object]
8,Nicholas Runolfsdottir V,Maxime_Nienow,Sherwood@rosamond.me,[object Object],586.493.6943 x140,jacynthe.com,[object Object]
9,Glenna Reichert,Delphine,Chaim_McDermott@dana.io,[object Object],(775)976-6794 x41206,conrad.com,[object Object]
10,Clementina DuBuque,Moriah.Stanton,Rey.Padberg@karina.biz,[object Object],024-648-3804,ambrose.net,[object Object]
